{"test_key": {"created_at": 1752661731.949211, "accessed_at": 1752661731.9492118, "access_count": 0, "size": 10}}