{"test_key": {"created_at": 1752427268.371146, "accessed_at": 1752427268.371146, "access_count": 0, "size": 10}}