{"test_key": {"created_at": 1752447431.318273, "accessed_at": 1752447431.318273, "access_count": 0, "size": 10}}