{"test_key": {"created_at": 1752442412.360353, "accessed_at": 1752442412.360353, "access_count": 0, "size": 10}}