{"test_key": {"created_at": 1752443201.578636, "accessed_at": 1752443201.578636, "access_count": 0, "size": 10}}