{"test_key": {"created_at": 1752443707.460222, "accessed_at": 1752443707.460223, "access_count": 0, "size": 10}}