{"test_key": {"created_at": 1752635198.99012, "accessed_at": 1752635198.99012, "access_count": 0, "size": 10}}