{"test_key": {"created_at": 1752445841.081504, "accessed_at": 1752445841.081505, "access_count": 0, "size": 10}}