{"test_key": {"created_at": 1752641511.6854222, "accessed_at": 1752641511.6854222, "access_count": 0, "size": 10}}