{"test_key": {"created_at": 1752636215.591692, "accessed_at": 1752636215.591692, "access_count": 0, "size": 10}}