{"key2": {"created_at": 1752421948.704322, "accessed_at": 1752421948.704322, "access_count": 0, "size": 16}, "promotion_key": {"created_at": 1752421949.638197, "accessed_at": 1752421949.638197, "access_count": 0, "size": 15}, "fallback_key": {"created_at": 1752421949.64257, "accessed_at": 1752421949.64257, "access_count": 0, "size": 14}}